distance,own_container,complect_send,container_train,transportation_type,days,price
2808,0,1,0,3,12,26497
4102,0,0,0,3,18,45948
1211,0,1,0,3,7,152484
2836,0,1,0,3,10,176701
2808,0,1,0,3,10,176525
2316,0,1,0,3,9,169098
2483,0,1,0,3,10,171470
2329,0,1,0,3,9,169174
2475,0,1,0,3,10,171420
2367,0,1,0,3,9,169880
10148,0,1,0,3,27,257011
10281,0,1,0,3,27,288942
9352,0,1,0,3,25,275111
10301,0,1,0,3,27,289908
8848,0,1,0,3,24,267608
8948,0,1,0,3,24,269123
6774,0,1,0,3,19,236071
7532,0,1,0,3,21,247865
3367,0,1,0,3,11,183995
3083,0,1,0,3,11,180487
3896,0,1,0,3,13,192583
3470,0,1,0,3,12,186494
3373,0,1,0,3,12,184980
3412,0,1,0,3,12,185687
564,0,1,0,3,5,107335
1235,0,1,0,3,7,152130
580,0,1,0,3,5,108371
1235,0,1,0,3,7,152130
1110,0,1,0,3,6,150944
1211,0,1,0,3,7,152484
3353,0,1,0,3,11,183919
3328,0,1,0,3,11,256273
3798,0,1,0,3,12,191069
3305,0,1,0,3,11,184122
4115,0,1,0,3,13,196218
1038,0,1,0,3,6,149581
939,0,1,0,3,6,142547
3352,0,1,0,3,11,184854
3400,0,1,0,3,12,185131
3852,0,1,0,3,13,192356
954,0,1,0,3,6,144542
3279,0,1,0,3,11,183491
3767,0,1,0,3,12,190918
3365,0,1,0,3,11,184930
3871,0,1,0,3,13,192457
2033,0,1,0,3,9,164630
3305,0,1,0,3,11,184122
2689,0,1,0,3,10,174430
919,0,1,0,3,6,140766
3411,0,1,0,3,12,185662
3322,0,1,0,3,11,184223
3836,0,1,0,3,13,191776
1470,0,1,0,3,7,156320
2303,0,1,0,3,9,169022
3339,0,1,0,3,11,184324
3387,0,1,0,3,12,185056
4323,0,1,0,3,14,202657
3152,0,1,0,3,11,181825
4695,0,1,0,3,14,204749
2663,0,1,0,3,10,174278
2425,0,1,0,3,9,170543
2593,0,1,0,3,10,172940
970,0,1,0,3,6,145483
2642,0,1,0,3,10,173818
9278,0,0,0,1,38,115992
9263,0,0,0,1,38,115939
6647,0,0,0,1,29,82354
9416,0,0,0,1,38,118354
9278,0,0,1,1,22,92967
7963,0,0,1,1,20,1678000
9263,0,0,1,1,22,1829664
6647,0,0,1,1,18,1520376
9416,0,0,1,1,23,1848431
9278,0,0,0,1,38,115992
9263,0,0,0,1,38,115939
6647,0,0,0,1,29,82354
9416,0,0,0,1,38,118354
9263,0,0,0,1,38,115939
6647,0,0,0,1,29,82354
9416,0,0,0,1,38,118354
9278,0,0,0,1,38,1500000
9263,0,0,0,1,38,155713
6647,0,0,0,1,29,112972
9416,0,0,0,1,38,158663
9278,0,0,0,1,38,200000
4102,0,0,0,3,18,1000
18,0,0,0,3,9,10000
34,0,0,0,3,9,55150
4102,0,0,0,3,18,33800995
10163,0,1,0,3,27,287327
91,0,0,0,3,9,100000
8283,0,0,1,3,19,101317
9278,0,0,0,1,38,115992
9263,0,0,0,1,38,115939
6647,0,0,0,1,29,82354
9416,0,0,0,1,38,118354
9278,0,0,0,1,38,115992
4102,0,0,0,3,18,45948
4102,0,0,0,3,18,45948
9651,0,1,0,3,25,279654
1141,0,1,0,3,7,151121
3251,0,1,0,3,11,183340
4102,0,0,0,3,18,45948
4102,0,0,0,3,18,45948
6412,0,0,0,2,25,118297
6412,0,0,0,2,25,118297
6999,0,0,0,2,37,185813
6999,0,0,0,2,37,185813
6999,0,0,0,2,37,215313
6999,0,0,0,2,37,215313
6999,0,0,0,2,37,215313
6999,0,0,0,2,37,215313
1141,0,1,0,3,7,151121
1773,0,1,0,3,8,160794
3257,0,1,0,3,11,183365
1141,0,1,0,3,7,151121
10297,0,1,0,3,27,254708
2430,0,1,0,3,9,106909
1141,0,1,0,3,7,151121
1141,0,1,0,3,7,151121
3284,0,1,0,3,11,128160
2450,0,1,0,3,9,107010
1069,0,1,0,3,6,150238
2284,0,1,0,3,9,101680
3343,0,1,0,3,11,130888
2448,0,1,0,3,9,107010
2463,0,1,0,3,9,107086
2764,0,1,0,3,10,114785
2796,0,1,0,3,10,114961
10172,0,1,0,3,27,287377
170,0,1,0,3,4,69238
3221,0,1,0,3,11,182563
2271,0,1,0,3,9,101604
2306,0,1,0,3,9,103694
3221,0,1,0,3,11,182563
2795,0,1,0,3,10,114961
3275,0,1,0,3,11,128110
3236,0,1,0,3,11,127908
3353,0,1,0,3,11,183919
3270,0,1,0,3,11,166544
3270,0,1,0,3,11,166544
3270,0,1,0,3,11,166544
3375,0,1,0,3,12,184980
3226,0,1,0,3,11,127832
3050,0,1,0,3,11,122052
3319,0,1,0,3,11,256223
2680,0,1,0,3,10,111852
3358,0,1,0,3,11,130988
3281,0,1,0,3,11,255301
4527,0,1,0,3,14,158699
3209,0,1,0,3,11,163110
3292,0,1,0,3,11,166670
3289,0,1,0,3,11,166645
2741,0,1,0,3,10,114659
2684,0,1,0,3,10,111877
2205,0,1,0,3,9,101251
3191,0,1,0,3,11,125258
3281,0,1,0,3,11,255301
3323,0,1,0,3,11,166822
1069,0,1,0,3,6,150238
3247,0,1,0,3,11,182714
3313,0,1,0,3,11,166771
2366,0,1,0,3,9,104022
3270,0,1,0,3,11,166544
3270,0,1,0,3,11,166544
3270,0,1,0,3,11,166544
2368,0,1,0,3,9,104047
3257,0,1,0,3,11,128009
3336,0,1,0,3,11,130862
3166,0,1,0,3,11,162858
2230,0,1,0,3,9,101377
3251,0,1,0,3,11,183340
2211,0,1,0,3,9,101276
3251,0,1,0,3,11,183340
3251,0,1,0,3,11,183340
3251,0,1,0,3,11,183340
2476,0,1,0,3,10,107161
3251,0,1,0,3,11,183340
2368,0,1,0,3,9,104047
3251,0,1,0,3,11,183340
3251,0,1,0,3,11,183340
2211,0,1,0,3,9,101276
1141,0,1,0,3,7,151121
2476,0,1,0,3,10,107161
3251,0,1,0,3,11,183340
3251,0,1,0,3,11,183340
2368,0,1,0,3,9,104047
3251,0,1,0,3,11,183340
1141,0,1,0,3,7,151121
2476,0,1,0,3,10,107161
3251,0,1,0,3,11,183340
4527,0,1,0,3,14,158699
3310,0,1,0,3,11,130711
2296,0,1,0,3,9,101755
3396,0,1,0,3,12,131190
3317,0,1,0,3,11,130762
4111,0,1,0,3,13,196193
2304,0,1,0,3,9,103669
2282,0,1,0,3,9,101680
2166,0,1,0,3,9,99080
2214,0,1,0,3,9,101302
2465,0,1,0,3,9,107086
2504,0,1,0,3,10,109118
2454,0,1,0,3,9,107035
3039,0,1,0,3,11,122002
2504,0,1,0,3,10,109118
2430,0,1,0,3,9,106909
2796,0,1,0,3,10,114961
2271,0,1,0,3,9,101604
2463,0,1,0,3,9,107086
2750,0,1,0,3,10,114709
2317,0,1,0,3,9,103745
3359,0,1,0,3,11,130988
2476,0,1,0,3,10,107161
2429,0,1,0,3,9,106884
4513,0,1,0,3,14,158598
2354,0,1,0,3,9,103972
1787,0,1,0,3,8,87671
2545,0,1,0,3,10,109345
6529,0,1,0,3,19,193001
2795,0,1,0,3,10,114961
2450,0,1,0,3,9,107010
10297,0,1,0,3,27,289043
2385,0,1,0,3,9,104148
1086,0,1,0,3,6,150338
2741,0,1,0,3,10,114659
2393,0,1,0,3,9,104173
1069,0,1,0,3,6,150238
2593,0,1,0,3,10,109622
1152,0,1,0,3,7,151651
2499,0,1,0,3,10,107287
10172,0,1,0,3,27,287377
1069,0,1,0,3,6,150238
10051,0,1,0,3,26,251066
2240,0,1,0,3,9,101428
2122,0,1,0,3,9,98828
2273,0,1,0,3,9,101629
3336,0,1,0,3,11,130862
3297,0,1,0,3,11,166696
3323,0,1,0,3,11,130787
2221,0,1,0,3,9,101327
2280,0,1,0,3,9,101654
3232,0,1,0,3,11,127883
3304,0,1,0,3,11,130686
9417,0,1,0,3,25,240749
3275,0,1,0,3,11,128110
10172,0,1,0,3,27,254003
3221,0,1,0,3,11,182563
3221,0,1,0,3,11,182563
3345,0,1,0,3,11,184349
2448,0,1,0,3,9,107010
4987,0,1,0,3,15,242579
2312,0,1,0,3,9,103720
3306,0,1,0,3,11,130686
2303,0,1,0,3,9,103669
10163,0,1,0,3,27,287327
3049,0,1,0,3,11,122052
2661,0,1,0,3,10,111751
4527,0,1,0,3,14,158699
2735,0,1,0,3,10,114608
3166,0,1,0,3,11,162858
2815,0,1,0,3,10,116730
2230,0,1,0,3,9,101377
10051,0,1,0,3,26,251066
2493,0,1,0,3,10,107237
10297,0,1,0,3,27,254708
3313,0,1,0,3,11,166771
10168,0,1,0,3,27,253978
3266,0,1,0,3,11,128059
2487,0,1,0,3,10,107212
2525,0,1,0,3,10,109244
2666,0,1,0,3,10,111776
10142,0,1,0,3,27,287201
2779,0,1,0,3,10,114860
5033,0,1,0,3,15,167159
1064,0,1,0,3,6,150212
1064,0,1,0,3,6,150212
3365,0,1,0,3,11,131014
9651,0,1,0,3,25,279654
2512,0,1,0,3,10,109169
3295,0,1,0,3,11,128236
2274,0,1,0,3,9,101629
2421,0,1,0,3,9,106859
3341,0,1,0,3,11,130888
2793,0,1,0,3,10,114936
10297,0,1,0,3,27,289043
3343,0,1,0,3,11,130888
5387,0,1,0,3,16,172531
2500,0,1,0,3,10,107287
3046,0,1,0,3,11,122027
3344,0,1,0,3,11,130913
3353,0,1,0,3,11,183919
1087,0,1,0,3,6,150338
10297,0,1,0,3,27,254708
2737,0,1,0,3,10,114634
3288,0,1,0,3,11,128185
2822,0,1,0,3,10,116780
584,0,1,0,3,5,109236
3310,0,1,0,3,11,130711
3257,0,1,0,3,11,183365
3221,0,1,0,3,11,182563
3318,0,1,0,3,11,166796
2745,0,1,0,3,10,114659
1773,0,1,0,3,8,160794
3247,0,1,0,3,11,182714
3242,0,1,0,3,11,182689
2769,0,1,0,3,10,114810
2413,0,1,0,3,9,170492
2394,0,1,0,3,9,104198
2680,0,1,0,3,10,111852
2764,0,1,0,3,10,114785
3226,0,1,0,3,11,127832
2792,0,1,0,3,10,114936
3281,0,1,0,3,11,255301
2203,0,1,0,3,9,101226
3221,0,1,0,3,11,182563
10142,0,1,0,3,27,253826
994,0,1,0,3,6,148369
2377,0,1,0,3,9,104098
3287,0,1,0,3,11,128185
2713,0,1,0,3,10,114482
3250,0,1,0,3,11,127984
10315,0,1,0,3,27,289984
2430,0,1,0,3,9,106909
1145,0,1,0,3,7,151146
3292,0,1,0,3,11,166670
2684,0,1,0,3,10,111877
2732,0,1,0,3,10,114608
1211,0,1,0,3,7,152484
3319,0,1,0,3,11,256223
700,0,1,0,3,6,119731
4121,0,1,0,3,13,196243
3353,0,1,0,3,11,130963
549,0,1,0,3,5,105460
10172,0,1,0,3,27,287377
3328,0,1,0,3,11,130812
5686,0,1,0,3,17,177013
536,0,1,0,3,5,104544
2403,0,1,0,3,9,106758
652,0,1,0,3,5,115974
3341,0,1,0,3,11,130888
3199,0,1,0,3,11,125284
1152,0,1,0,3,7,151651
10159,0,1,0,3,27,253927
3221,0,1,0,3,11,182563
2690,0,1,0,3,10,111902
1184,0,1,0,3,7,151853
2760,0,1,0,3,10,114760
3375,0,1,0,3,12,184980
3285,0,1,0,3,11,128185
3257,0,1,0,3,11,128009
3197,0,1,0,3,11,182077
3285,0,1,0,3,11,166620
3849,0,1,0,3,13,191851
3236,0,1,0,3,11,127908
2802,0,1,0,3,10,116654
2755,0,1,0,3,10,114734
644,0,1,0,3,5,114989
3285,0,1,0,3,11,166620
170,0,1,0,3,4,69238
2575,0,1,0,3,10,109522
3236,0,1,0,3,11,182664
2392,0,1,0,3,9,104173
3209,0,1,0,3,11,163110
2645,0,1,0,3,10,111650
3246,0,1,0,3,11,182714
2578,0,1,0,3,10,109522
3077,0,1,0,3,11,122203
3236,0,1,0,3,11,163261
2736,0,1,0,3,10,114608
3299,0,1,0,3,11,128261
3203,0,1,0,3,11,163085
3281,0,1,0,3,11,128160
3139,0,1,0,3,11,124956
3262,0,1,0,3,11,166494
3263,0,1,0,3,11,128059
3328,0,1,0,3,11,256273
2763,0,1,0,3,10,114760
3285,0,1,0,3,11,166620
3269,0,1,0,3,11,128084
2294,0,1,0,3,9,101730
3358,0,1,0,3,11,130988
3231,0,1,0,3,11,163236
3376,0,1,0,3,12,131089
3304,0,1,0,3,11,255427
2282,0,1,0,3,9,101680
2778,0,1,0,3,10,114860
3221,0,1,0,3,11,182563
3220,0,1,0,3,11,163186
2671,0,1,0,3,10,111802
3298,0,1,0,3,11,166696
3064,0,1,0,3,11,122128
2743,0,1,0,3,10,114659
3323,0,1,0,3,11,166822
3586,0,1,0,3,12,137046
3289,0,1,0,3,11,128185
2785,0,1,0,3,10,114886
3070,0,1,0,3,11,122178
5291,0,1,0,3,17,180515
5291,0,1,0,3,17,180515
4378,0,1,0,3,15,159385
4225,0,1,0,3,15,156366
4854,0,1,0,3,16,172862
4546,0,1,0,3,15,164640
4435,0,1,0,3,15,161874
4546,0,1,0,3,15,164640
4854,0,1,0,3,16,172862
4290,0,1,0,3,15,156744
4520,0,1,0,3,15,164514
4370,0,1,0,3,15,159335
4415,0,1,0,3,15,161748
4225,0,1,0,3,15,156366
4625,0,1,0,3,15,167255
4951,0,1,0,3,16,175552
4854,0,1,0,3,16,172862
4757,0,1,0,3,16,170146
4322,0,1,0,3,15,159083
4510,0,1,0,3,15,164438
4666,0,1,0,3,15,167482
4501,0,1,0,3,15,162227
2010,0,1,0,3,10,176246
4356,0,1,0,3,15,159259
4893,0,1,0,3,16,173089
4755,0,1,0,3,16,170146
4288,0,1,0,3,15,156719
4508,0,1,0,3,15,164438
4554,0,1,0,3,15,164690
4540,0,1,0,3,15,164615
4652,0,1,0,3,15,167406
4983,0,1,0,3,16,175753
4415,0,1,0,3,15,161748
4248,0,1,0,3,15,156492
4415,0,1,0,3,15,161748
4379,0,1,0,3,15,159385
4303,0,1,0,3,15,156794
4952,0,1,0,3,16,175577
4795,0,1,0,3,16,170372
4531,0,1,0,3,15,164564
4715,0,1,0,3,16,169919
4521,0,1,0,3,15,164514
4393,0,1,0,3,15,159461
4253,0,1,0,3,15,156517
4490,0,1,0,3,15,162176
4476,0,1,0,3,15,162101
4525,0,1,0,3,15,164539
4916,0,1,0,3,16,175375
4664,0,1,0,3,15,167482
4539,0,1,0,3,15,164615
4503,0,1,0,3,15,162252
4777,0,1,0,3,16,170272
4777,0,1,0,3,16,170272
4982,0,1,0,3,16,175728
4546,0,1,0,3,15,164640
4364,0,1,0,3,15,159310
4868,0,1,0,3,16,172938
4397,0,1,0,3,15,159486
4456,0,1,0,3,15,161975
4893,0,1,0,3,16,173089
4424,0,1,0,3,15,161798
4843,0,1,0,3,16,172787
4337,0,1,0,3,15,159158
4533,0,1,0,3,15,164590
4475,0,1,0,3,15,162101
4636,0,1,0,3,15,167305
4707,0,1,0,3,16,169868
4566,0,1,0,3,15,164766
4923,0,1,0,3,16,175400
4909,0,1,0,3,16,175325
4498,0,1,0,3,15,162227
4773,0,1,0,3,16,170246
4986,0,1,0,3,16,175753
4444,0,1,0,3,15,161924
4372,0,1,0,3,15,159360
4417,0,1,0,3,15,161773
4432,0,1,0,3,15,161849
4446,0,1,0,3,15,161924
4915,0,1,0,3,16,175350
4376,0,1,0,3,15,159385
4323,0,1,0,3,15,159083
4364,0,1,0,3,15,159310
4720,0,1,0,3,16,169944
4590,0,1,0,3,15,164892
4403,0,1,0,3,15,159536
4490,0,1,0,3,15,162176
4867,0,1,0,3,16,172938
4604,0,1,0,3,15,164968
4854,0,1,0,3,16,172862
4570,0,1,0,3,15,164791
4847,0,1,0,3,16,172812
4773,0,1,0,3,16,170246
4311,0,1,0,3,15,159007
4503,0,1,0,3,15,162252
4894,0,1,0,3,16,173089
4351,0,1,0,3,15,159234
4423,0,1,0,3,15,161798
4323,0,1,0,3,15,159083
4848,0,1,0,3,16,172812
4437,0,1,0,3,15,161874
4380,0,1,0,3,15,159385
4315,0,1,0,3,15,159032
4102,0,0,0,3,18,45948
4102,0,0,0,3,18,45948
4102,0,0,0,3,18,45948
6420,0,0,1,1,18,137055
4102,0,0,1,3,10,118927
4102,0,0,0,3,23,212596
4102,0,0,1,3,10,118927
6412,0,0,0,2,25,122113
6999,0,0,1,2,24,188381
6999,0,0,1,2,24,188381
6999,0,0,1,2,24,188381
6999,0,0,1,2,24,188381
6999,0,0,1,2,24,188381
6999,0,0,1,2,24,188381
6999,0,0,1,2,24,188381
6999,0,0,1,2,24,188381
4471,0,0,0,2,29,85947
6999,0,0,0,2,37,211213
9278,0,0,1,1,22,19341
9416,0,0,1,1,23,139027
6647,0,0,1,1,18,103598
9263,0,0,1,1,22,136902
1130,0,0,1,1,9,12447
9263,0,0,1,1,22,246968
9416,0,0,0,1,38,280088
7963,0,0,1,1,20,225544
6999,0,0,0,2,37,211213
9416,0,0,1,1,23,125269
6647,0,0,0,1,29,227472
9263,0,0,0,1,38,276330
7963,0,0,0,1,34,253780
9416,0,0,1,1,23,250538
6647,0,0,1,1,18,200552
6647,0,0,1,1,18,100276
9263,0,0,1,1,22,123484
7963,0,0,1,1,20,112772
4102,0,0,1,3,10,84764
4102,0,0,1,3,10,28237
1130,0,0,1,1,9,12447
4102,0,0,0,3,18,45948
6420,0,0,1,1,18,134347
2543,0,0,1,1,11,143469
1483,0,0,1,2,6,202946
1483,0,0,1,2,6,202946
4102,0,0,1,3,10,62246
4102,0,0,0,3,18,45948
7675,1,0,1,4,15,207522
7670,1,0,1,4,15,381714
7670,1,0,1,4,15,381714
6785,1,0,1,2,15,162489
7670,1,0,1,4,15,1048714
7670,1,0,1,4,15,1024013
7670,1,0,1,4,15,1024013
4102,0,0,0,3,18,45948
9416,0,0,1,1,23,99427
6647,0,0,1,1,18,63998
9263,0,0,1,1,22,97302
7963,0,0,1,1,20,79397
9416,0,0,1,1,23,99427
6647,0,0,1,1,18,63998
9263,0,0,1,1,22,97302
7963,0,0,1,1,20,79397
5312,1,0,1,1,16,880229
2543,1,0,1,1,11,574287
5159,1,0,1,1,16,869648
3859,1,0,1,1,13,674348
4102,0,0,1,3,10,28237
4102,1,0,1,3,10,665977
4102,1,0,1,3,10,665977
4102,0,0,1,3,10,28237
6999,0,0,0,2,37,240713
6999,0,0,0,2,37,240713
6999,0,0,1,2,24,217881
6995,1,0,1,2,24,252925
6999,0,0,0,2,37,240713
4102,0,0,1,3,10,28237
4102,1,0,1,3,10,665977
5382,1,0,0,4,22,203964
5382,1,0,1,4,12,227039
7670,1,0,1,4,15,262732
4102,0,0,1,3,10,118927
4102,1,0,1,3,10,212527
321,0,0,1,3,9,148699
4665,0,0,1,3,13,283484
4665,1,0,1,3,13,283484
4102,1,0,1,3,10,121837
9412,1,1,0,2,35,216127
6643,1,1,0,2,29,186951
9259,1,1,0,2,35,221160
7959,1,1,0,2,37,207993
9322,0,0,1,2,17,153632
6553,0,0,1,2,13,133369
9169,0,0,1,2,17,159177
7869,0,0,1,2,15,138058
9274,0,0,1,3,22,2510946
9274,0,0,0,3,40,293228
9274,0,0,1,3,22,209548
9274,0,0,0,3,40,293228
4665,0,0,0,3,20,190666
4665,0,0,1,3,13,832258
4665,0,0,1,3,13,190303
4665,0,0,1,3,13,168323
321,0,0,1,3,9,43188
4166,0,0,0,3,18,145064
4166,0,0,1,3,14,127000
4401,0,0,1,3,12,157319
4401,1,0,1,3,12,157319
4401,0,0,1,3,12,157319
4401,0,0,0,3,19,205508
4401,0,0,0,3,19,178879
4401,0,0,0,3,19,178879
4401,0,1,0,3,15,187604
4401,0,1,0,3,15,165725
4401,0,1,0,3,15,165206
3684,0,1,0,3,14,120868
3684,0,0,1,3,13,144095
3684,0,0,1,3,13,116293
3684,0,0,1,3,13,117263
3684,0,0,0,3,16,157816
3684,0,0,0,3,16,132335
3684,0,0,0,3,16,131577
9170,0,0,0,3,37,218174
9170,0,0,1,3,19,181586
9170,0,1,0,3,26,196931
6251,0,1,0,3,20,158293
6251,0,0,1,3,15,198769
6251,0,0,1,3,15,147339
9305,0,0,1,3,22,187824
9305,0,0,0,3,40,279082
9305,0,1,0,3,30,244621
9305,0,1,0,3,30,244621
7678,0,0,1,4,15,213322
7963,0,0,0,3,31,101271
7963,0,0,0,3,31,101271
2543,1,0,1,1,11,81278
2543,1,0,1,1,11,81278
2543,0,0,1,1,11,145278
2543,0,0,1,1,11,145278
6995,1,0,1,2,24,1208954
2543,0,0,1,1,11,638287
6995,1,0,1,2,24,197598
6995,1,0,1,2,24,197598
6643,1,0,1,2,18,154704
9416,0,0,0,1,38,165719
6647,0,0,0,1,29,112972
9263,0,0,0,1,38,162769
7963,0,0,0,1,34,135345
7850,0,0,0,3,30,196307
4823,0,0,0,3,20,222624
4102,0,0,0,3,18,68225
4102,0,0,1,3,10,23940
4102,0,0,1,3,15,204456
4102,0,0,0,3,23,258857
4102,0,0,1,3,15,1056373
4102,0,0,1,3,15,204456
4102,0,1,0,3,18,238962
4871,0,1,0,3,16,181171
4871,0,0,0,3,20,200008
4871,0,1,0,3,16,181171
5449,0,1,0,3,17,192782
6647,0,0,1,1,18,63998
2808,0,0,1,3,11,18394
2808,0,0,1,3,11,18394
2808,0,0,1,3,11,18394
2808,0,0,1,3,11,18394
2808,0,0,1,3,11,18394
2808,0,0,1,3,11,18394
2808,0,0,1,3,11,14755
2808,0,0,1,3,11,699476
2808,0,0,1,3,11,699476
2808,0,0,1,3,11,14755
2808,0,0,1,3,11,699476
2808,0,1,0,3,12,34129
4102,0,0,0,3,18,45948
4102,0,0,0,3,18,45948
2808,0,0,1,3,11,18394
2808,0,0,1,3,11,15804
2808,0,1,0,3,12,34129
4102,0,0,0,3,18,45948
4102,0,0,0,3,18,45948
2543,0,0,1,1,11,147139
5164,0,0,1,3,11,48447
5164,0,0,1,3,11,48447
1483,0,0,1,1,9,123666
9416,0,0,0,1,38,121882
6647,0,0,0,1,29,82354
9263,0,0,0,1,38,119467
7963,0,0,0,1,34,100118
9278,0,0,1,1,22,97341
9416,0,0,1,1,23,99427
6647,0,0,1,1,18,63998
9263,0,0,1,1,22,97302
9416,0,0,1,1,23,99427
6647,0,0,1,1,18,63998
9263,0,0,1,1,22,97302
7963,0,0,1,1,20,79397
9416,0,0,0,1,38,165719
6647,0,0,0,1,29,112972
9263,0,0,0,1,38,162769
9278,0,0,0,1,38,200000
4102,0,0,0,3,18,10000
9416,0,0,1,1,23,2067167
6647,0,0,1,1,18,1520376
9263,0,0,1,1,22,2048400
9278,0,0,1,1,22,2050353
9921,0,0,0,1,40,209265
9768,0,0,0,1,40,206838
8468,0,0,0,1,35,185248
4102,0,0,0,3,18,45948
7152,0,0,0,1,31,169174
9278,0,0,1,1,22,97341
9416,0,0,1,1,23,99427
6647,0,0,1,1,18,63998
9263,0,0,1,1,22,97302
6748,0,0,1,2,19,146588
4102,0,0,0,3,18,45948
4102,0,0,0,3,18,45948
6999,0,0,0,2,37,240713
4102,0,0,0,3,18,45948
4102,0,0,0,3,18,45948
4102,0,0,0,3,18,45948
4102,0,0,0,3,18,45948
4102,0,0,0,3,18,45948
4102,0,0,0,3,18,45948
4102,0,0,0,3,18,45948
4102,0,0,0,3,18,45948
4102,0,0,0,3,18,45948
4102,0,0,0,3,18,45948
4102,0,0,0,3,18,45948
4102,0,0,0,3,18,45948
4102,0,0,0,3,18,45948
4102,0,0,0,3,18,45948
4102,0,0,0,3,18,45948
4102,0,0,0,3,18,45948
4102,0,0,0,3,18,45948
4102,0,0,0,3,18,45948
4102,0,0,0,3,18,45948
4102,0,0,0,3,18,45948
4102,0,0,0,3,18,45948
4102,0,0,0,3,18,45948
4102,0,0,0,3,18,45948
6999,0,0,0,2,37,358313
4102,0,0,0,3,18,45948
4102,0,0,0,3,18,45948
4102,0,0,0,3,18,45948
4102,0,0,0,3,18,45948
4102,0,0,0,3,18,45948
4102,0,0,0,3,18,45948
6999,0,0,1,2,24,335481
2808,0,0,1,3,11,15804
4102,0,0,0,3,18,45948
4102,0,0,0,3,18,45948
4102,0,0,0,3,18,45948
4102,0,0,0,3,18,45948
4102,0,0,0,3,18,45948
4102,0,0,0,3,18,45948
4102,0,0,0,3,18,45948
4102,0,0,0,3,18,45948
4102,0,0,0,3,18,45948
4102,0,0,0,3,18,45948
4102,0,0,0,3,18,45948
2808,0,0,1,3,11,18394
9278,0,0,1,1,22,19341
9278,0,0,1,1,22,19341
4102,0,0,0,3,18,45948
4102,0,0,0,3,18,45948
4102,0,0,0,3,18,45948
9412,1,0,1,1,23,202019
6643,1,0,1,1,18,160214
9259,1,0,1,1,22,199707
7959,1,0,1,1,20,177371
2808,0,0,1,3,11,14755
4102,0,0,0,3,18,45948
4102,0,0,0,3,18,45948
4102,0,0,0,3,18,45948
2808,0,0,1,3,11,14755
2808,0,0,1,3,11,14755
4102,0,0,0,3,18,45948
4102,0,0,0,3,18,45948
4102,0,0,0,3,18,45948
4102,0,0,0,3,18,45948
4102,0,0,0,3,18,45948
9278,0,0,1,1,22,97341
9416,0,0,1,1,23,99427
6647,0,0,1,1,18,63998
9263,0,0,1,1,22,97302
9278,1,0,1,1,22,175341
9416,1,0,1,1,23,177427
6647,1,0,1,1,18,141998
9263,1,0,1,1,22,175302
9278,1,0,1,1,22,175341
9416,1,0,1,1,23,177427
6647,1,0,1,1,18,141998
9263,1,0,1,1,22,175302
9278,1,0,1,1,22,175341
9416,1,0,1,1,23,177427
6647,1,0,1,1,18,141998
9263,1,0,1,1,22,175302
9278,0,0,1,1,22,97341
9416,0,0,1,1,23,99427
6647,0,0,1,1,18,63998
9263,0,0,1,1,22,97302
9278,0,0,1,1,22,19341
9416,0,0,1,1,23,21427
9263,0,0,1,1,22,19302
9278,0,0,1,1,22,19341
9416,0,0,1,1,23,21427
9263,0,0,1,1,22,19302
9278,0,0,1,1,22,19341
9416,0,0,1,1,23,21427
9263,0,0,1,1,22,19302
4102,0,0,0,3,18,45948
4102,0,0,0,3,18,45948
4102,0,0,0,3,18,45948
4102,0,0,0,3,18,45948
4102,0,0,0,3,18,45948
9278,0,0,1,1,22,19341
9416,0,0,1,1,23,21427
9263,0,0,1,1,22,19302
4102,0,0,0,3,18,45948
4102,0,0,0,3,18,45948
4102,0,0,0,3,18,45948
9278,1,0,0,1,38,129925
9416,1,0,0,1,38,132403
6647,1,0,0,1,29,89702
9263,1,0,0,1,38,129859
4102,0,0,0,3,18,45948
4102,0,0,0,3,18,45948
4102,0,0,0,3,18,45948
4102,0,0,0,3,18,45948
9278,0,0,1,1,22,19341
9416,0,0,1,1,23,21427
9263,0,0,1,1,22,19302
4102,0,0,0,3,18,45948
9278,0,0,1,1,22,83041
9416,0,0,1,1,23,21427
9263,0,0,1,1,22,19302
4102,0,0,0,3,18,45948
4102,0,0,0,3,18,45948
2808,0,0,1,3,11,14755
2808,1,0,1,3,11,108355
2808,0,0,1,3,11,14755
2808,0,0,0,3,13,46464
2808,0,1,0,3,12,34129
4102,0,0,0,3,18,45948
4102,0,0,0,3,18,45948
4102,0,0,0,3,18,45948
4102,0,0,0,3,18,45948
2808,0,1,0,3,12,13892
2808,0,1,0,3,12,13633
4102,0,0,0,3,18,45948
4102,0,0,0,3,18,45948
4102,0,0,0,3,18,45948
4102,0,0,0,3,18,45948
4102,0,0,0,3,18,45948
4102,0,0,0,3,18,45948
4102,0,0,0,3,18,45948
4102,0,0,0,3,18,45948
4102,0,0,0,3,18,45948
4102,0,0,0,3,18,45948
4102,0,0,0,3,18,45948
4102,0,0,0,3,18,45948
4102,0,0,0,3,18,45948
4102,0,0,0,3,18,45948
4102,0,0,0,3,18,45948
4102,0,0,0,3,18,45948
4102,0,0,0,3,18,45948
4102,0,0,0,3,18,45948
4102,0,0,0,3,18,45948
4102,0,0,0,3,18,45948
4102,0,0,0,3,18,45948
4102,0,0,0,3,18,45948
4102,0,0,0,3,18,45948
4102,0,0,0,3,18,45948
4102,0,0,0,3,18,45948
4102,0,0,0,3,18,45948
4102,0,0,0,3,18,45948
4102,0,0,0,3,18,45948
4102,0,0,0,3,18,45948
4102,0,0,0,3,18,45948
4102,0,0,0,3,18,45948
4102,0,0,0,3,18,45948
4102,0,0,0,3,18,45948
4102,0,0,0,3,18,45948
4102,0,0,0,3,18,45948
4102,0,0,0,3,18,45948
4102,0,0,0,3,18,45948
4102,0,0,0,3,18,45948
4102,0,0,0,3,18,45948
4102,0,0,0,3,18,45948
4102,0,0,0,3,18,45948
4102,0,0,0,3,18,45948
4102,0,0,0,3,18,45948
4102,0,0,0,3,18,45948
4102,0,0,0,3,18,45948
4102,0,0,0,3,18,45948
4102,0,0,0,3,18,45948
4102,0,0,0,3,18,45948
4102,0,0,0,3,18,45948
4471,0,0,1,2,20,263398
4102,0,0,0,3,18,45948
4102,0,0,0,3,18,45948
4102,0,0,0,3,18,45948
4102,0,0,0,3,18,45948
4102,0,0,0,3,18,45948
6420,0,0,1,2,15,295637
4102,0,0,0,3,18,45948
4102,0,0,0,3,18,45948
4102,0,0,0,3,18,45948
4102,0,0,0,3,18,45948
4102,0,0,0,3,18,45948
4102,0,0,0,3,18,45948
4102,0,0,0,3,18,45948
4102,0,0,0,3,18,45948
6420,0,0,1,2,15,108427
9278,0,0,1,1,22,2050353
9416,0,0,1,1,23,2067167
9263,0,0,1,1,22,2048400
6647,0,0,1,1,18,1520376
4102,0,0,0,3,18,45948
4102,0,0,0,3,18,45948
4102,0,0,0,3,18,45948
4102,0,0,0,3,18,45948
4102,0,0,0,3,18,45948
4102,0,0,0,3,18,45948
4102,0,0,0,3,18,45948
4102,0,0,0,3,18,45948
4102,0,0,0,3,18,45948
4102,0,0,0,3,18,45948
4102,0,0,0,3,18,45948
4102,0,0,0,3,18,45948
4102,0,0,0,3,18,45948
4102,0,0,0,3,18,45948
4102,0,0,0,3,18,45948
4102,0,0,0,3,18,45948
4102,0,0,0,3,18,45948
4102,0,0,0,3,18,45948
4102,0,0,0,3,18,45948
4102,0,0,0,3,18,45948
4102,0,0,0,3,18,45948
4102,0,0,0,3,18,45948
4102,0,0,0,3,18,45948
4102,0,0,0,3,18,45948
4102,0,0,0,3,18,45948
4102,0,0,0,3,18,45948
4102,0,0,0,3,18,45948
4102,0,0,0,3,18,45948
4102,0,0,0,3,18,45948
4102,0,0,0,3,18,45948
4102,0,0,0,3,18,45948
4102,0,0,0,3,18,45948
4102,0,0,0,3,18,45948
4102,0,0,0,3,18,45948
4102,0,0,0,3,18,45948
4102,0,0,0,3,18,45948
4102,0,0,0,3,18,45948
4102,0,0,0,3,18,45948
4102,0,0,0,3,18,45948
4102,0,0,0,3,18,45948
4102,0,0,0,3,18,45948
4102,0,0,0,3,18,45948
4102,0,0,0,3,18,45948
4102,0,0,0,3,18,45948
4102,0,0,0,3,18,45948
4102,0,0,0,3,18,45948
4102,0,0,0,3,18,45948
4102,0,0,0,3,18,45948
4102,0,0,0,3,18,45948
4102,0,0,0,3,18,45948
4102,0,0,0,3,18,45948
4102,0,0,0,3,18,45948
4102,0,0,0,3,18,45948
4102,0,0,0,3,18,45948
4102,0,0,0,3,18,45948
4102,0,0,0,3,18,45948
4102,0,0,0,3,18,45948
4102,0,0,0,3,18,45948
4102,0,0,0,3,18,45948
4102,0,0,0,3,18,45948
4102,0,0,0,3,18,45948
4102,0,0,0,3,18,45948
4102,0,0,0,3,18,45948
4102,0,0,0,3,18,45948
4102,0,0,0,3,18,45948
4102,0,0,0,3,18,45948
4102,0,0,0,3,18,45948
4102,0,0,0,3,18,45948
4102,0,0,0,3,18,45948
4102,0,0,0,3,18,45948
4102,0,0,0,3,18,45948
4102,0,0,0,3,18,45948
4102,0,0,0,3,18,45948
4102,0,0,0,3,18,45948
4102,0,0,0,3,18,45948
4102,0,0,0,3,18,45948
4102,0,0,0,3,18,45948
4102,0,0,0,3,18,45948
4102,0,0,0,3,18,45948
4102,0,0,0,3,18,45948
4102,0,0,0,3,18,45948
4102,0,0,0,3,18,45948
4102,0,0,0,3,18,45948
4102,0,0,0,3,18,45948
4102,0,0,0,3,18,45948
4102,0,0,0,3,18,45948
4102,0,0,0,3,18,45948
4102,0,0,0,3,18,45948
4102,0,0,0,3,18,45948
4102,0,0,0,3,18,45948
4102,0,0,0,3,18,45948
4102,0,0,0,3,18,45948
4102,0,0,0,3,18,45948
4102,0,0,0,3,18,45948
4102,0,0,0,3,18,45948
4102,0,0,0,3,18,45948
4102,0,0,0,3,18,45948
4102,0,0,0,3,18,45948
4102,0,0,0,3,18,45948
4102,0,0,0,3,18,45948
4102,0,0,0,3,18,45948
4102,0,0,0,3,18,45948
4102,0,0,0,3,18,45948
4102,0,0,0,3,18,45948
4102,0,0,0,3,18,45948
4102,0,0,0,3,18,45948
4102,0,0,0,3,18,45948
4102,0,0,0,3,18,45948
4102,0,0,0,3,18,45948
4102,0,0,0,3,18,45948
4102,0,0,0,3,18,45948
4102,0,0,0,3,18,45948
4102,0,0,0,3,18,45948
4102,0,0,0,3,18,45948
4102,0,0,0,3,18,45948
4102,0,0,0,3,18,45948
4102,0,0,0,3,18,45948
4102,0,0,0,3,18,45948
4102,0,0,0,3,18,45948
4102,0,0,0,3,18,45948
4102,0,0,0,3,18,45948
4102,0,0,0,3,18,45948
4102,0,0,0,3,18,45948
4102,0,0,0,3,18,45948
4102,0,0,0,3,18,45948
4102,0,0,0,3,18,45948
4102,0,0,0,3,18,45948
4102,0,0,0,3,18,45948
4102,0,0,0,3,18,45948
4102,0,0,0,3,18,45948
4102,0,0,0,3,18,45948
4102,0,0,0,3,18,45948
4102,0,0,0,3,18,45948
4102,0,0,0,3,18,45948
4102,0,0,0,3,18,45948
4102,0,0,0,3,18,45948
4102,0,0,0,3,18,45948
4102,0,0,0,3,18,45948
4102,0,0,0,3,18,45948
4102,0,0,0,3,18,45948
4102,0,0,0,3,18,45948
4102,0,0,0,3,18,45948
4102,0,0,0,3,18,45948
4102,0,0,0,3,18,45948
4102,0,0,0,3,18,45948
4102,0,0,0,3,18,45948
4102,0,0,0,3,18,45948
4102,0,0,0,3,18,45948
4102,0,0,0,3,18,45948
4102,0,0,0,3,18,45948
4102,0,0,0,3,18,45948
4102,0,0,0,3,18,45948
4102,0,0,0,3,18,45948
4102,0,0,0,3,18,45948
4102,0,0,0,3,18,45948
4102,0,0,0,3,18,45948
4102,0,0,0,3,18,45948
4102,0,0,0,3,18,45948
4102,0,0,0,3,18,45948
4102,0,0,0,3,18,45948
4102,0,0,0,3,18,45948
4102,0,0,0,3,18,45948
4102,0,0,0,3,18,45948
4102,0,0,0,3,18,45948
4102,0,0,0,3,18,45948
4102,0,0,0,3,18,45948
4102,0,0,0,3,18,45948
4102,0,0,0,3,18,45948
4102,0,0,0,3,18,45948
4102,0,0,0,3,18,45948
4102,0,0,0,3,18,45948
4102,0,0,0,3,18,45948
4102,0,0,0,3,18,45948
4102,0,0,0,3,18,45948
4102,0,0,0,3,18,45948
4292,0,1,0,3,15,156744
91,0,1,0,3,9,48151
1152,0,1,0,3,7,73960
5003,0,1,0,3,16,185834
10645,0,1,0,3,29,283537
10645,0,0,1,3,21,236392
10645,0,0,0,3,39,319476
2408,0,0,0,3,12,126622
4125,0,0,0,1,21,93257
4143,0,0,0,3,18,179248
4143,0,1,0,3,14,160067
5008,0,0,1,3,13,152245
5650,0,0,1,3,14,159513
4415,0,0,1,3,12,139420
5291,0,0,1,3,13,154831
4432,0,0,1,3,12,139451
4625,0,0,1,3,13,144227
4435,0,0,1,3,12,139467
4775,0,0,1,3,13,146635
5650,0,0,1,3,14,159513
4546,0,0,1,3,12,141869
4516,0,0,1,3,12,141807
5394,0,0,1,3,14,156023
4811,0,0,1,3,13,148774
4854,0,0,1,3,13,148868
4811,0,0,1,3,13,148774
4322,0,0,1,3,12,137024
4351,0,0,1,3,12,137102
4415,0,0,1,3,12,139420
4854,0,0,1,3,13,148868
4510,0,0,1,3,12,141791
4952,0,0,1,3,13,151148
4420,0,0,1,3,12,139420
4415,0,0,1,3,12,139420
4755,0,0,1,3,13,146588
4666,0,0,1,3,13,144321
2705,0,0,1,3,10,100610
4795,0,0,1,3,13,146681
4795,0,0,1,3,13,146681
4742,0,0,1,3,13,146556
4652,0,0,1,3,13,144290
4415,0,0,1,3,12,139420
4348,0,0,1,3,12,137087
4393,0,0,1,3,12,137196
4797,0,0,1,3,13,146681
4797,0,0,1,3,13,146681
4536,0,0,1,3,12,141854
4476,0,0,1,3,12,139545
4706,0,0,1,3,13,146478
4777,0,0,1,3,13,146635
4364,0,0,1,3,12,137118
4566,0,0,1,3,12,141916
4337,0,0,1,3,12,137071
4688,0,0,1,3,13,144368
4909,0,0,1,3,13,151054
4773,0,0,1,3,13,146635
4415,0,0,1,3,12,139420
4843,0,0,1,3,13,148852
4726,0,0,1,3,13,146525
4458,0,0,1,3,12,139514
4742,0,0,1,3,13,146556
4893,0,0,1,3,13,148961
5026,0,0,1,3,13,152292
4804,0,0,1,3,13,146705
2010,0,0,1,3,9,162197
4868,0,0,1,3,13,148899
4546,0,0,1,3,12,141869
4916,0,0,1,3,13,151069
4951,0,0,1,3,13,151148
4608,0,0,1,3,12,144180
4715,0,0,1,3,13,146510
4379,0,0,1,3,12,137165
4604,0,0,1,3,12,142018
4983,0,0,1,3,13,151226
4540,0,0,1,3,12,141869
4915,0,0,1,3,13,151069
4498,0,0,1,3,12,139592
4698,0,0,1,3,13,144383
4370,0,0,1,3,12,137134
4814,0,0,1,3,13,148789
4531,0,0,1,3,12,141838
4638,0,0,1,3,13,144259
4532,0,0,1,3,12,141838
4303,0,0,1,3,12,134832
4664,0,0,1,3,13,144305
4707,0,0,1,3,13,146478
4376,0,0,1,3,12,137149
4531,0,0,1,3,12,141838
4364,0,0,1,3,12,137118
4893,0,0,1,3,13,148961
4423,0,0,1,3,12,139436
4363,0,0,1,3,12,137118
4923,0,0,1,3,13,151085
4371,0,0,1,3,12,137134
4812,0,0,1,3,13,148774
4403,0,0,1,3,12,137227
4623,0,0,1,3,13,144212
4366,0,0,1,3,12,137134
4379,0,0,1,3,12,137165
4549,0,0,1,3,12,141885
4372,0,0,1,3,12,137134
4433,0,0,1,3,12,139451
4570,0,0,1,3,12,141932
4717,0,0,1,3,13,146510
4358,0,0,1,3,12,137102
4356,0,0,1,3,12,137102
4565,0,0,1,3,12,141916
5255,0,0,1,3,13,154753
4362,0,0,1,3,12,137118
4895,0,0,1,3,13,148961
4818,0,0,1,3,13,148789
4894,0,0,1,3,13,148961
4982,0,0,1,3,13,151226
4503,0,0,1,3,12,139616
4854,0,0,1,3,13,148868
4463,0,0,1,3,12,139530
4763,0,0,1,3,13,146603
4503,0,0,1,3,12,139616
4379,0,0,1,3,12,137165
4699,0,0,1,3,13,144383
4475,0,0,1,3,12,139545
4803,0,0,1,3,13,146705
4378,0,0,1,3,12,137149
4456,0,0,1,3,12,139498
4689,0,0,1,3,13,144368
4771,0,0,1,3,13,146635
4773,0,0,1,3,13,146635
4509,0,0,1,3,12,141791
4847,0,0,1,3,13,148852
4543,0,0,1,3,12,141869
4618,0,0,1,3,13,144212
4618,0,0,1,3,13,144212
4720,0,0,1,3,13,146510
4746,0,0,1,3,13,146572
5241,0,0,1,3,13,154722
4644,0,0,1,3,13,144259
4991,0,0,1,3,13,151241
4812,0,0,1,3,13,148774
4795,0,0,1,3,13,146681
4465,0,0,1,3,12,139530
4397,0,0,1,3,12,137196
1208,0,0,1,3,8,64919
4710,0,0,1,3,13,146494
4508,0,0,1,3,12,141791
4867,0,0,1,3,13,148899
5037,0,0,1,3,13,152323
4444,0,0,1,3,12,139483
3010,0,0,1,3,10,108868
4844,0,0,1,3,13,148852
4989,0,0,1,3,13,151241
4477,0,0,1,3,12,139561
7124,0,0,1,3,16,177820
4846,0,0,1,3,13,148852
4905,0,0,1,3,13,149001
4543,0,0,1,3,12,141869
4803,0,0,1,3,13,146705
4627,0,0,1,3,13,144227
4403,0,0,1,3,12,137227
4701,0,0,1,3,13,142607
4490,0,0,1,3,12,139576
4748,0,0,1,3,13,146572
4446,0,0,1,3,12,139483
4417,0,0,1,3,12,139420
4412,0,0,1,3,12,139405
4664,0,0,1,3,13,144305
4846,0,0,1,3,13,148852
4860,0,0,1,3,13,148883
4749,0,0,1,3,13,146572
5259,0,0,1,3,13,153789
4765,0,0,1,3,13,146619
4979,0,0,1,3,13,151210
4881,0,0,1,3,13,148930
4770,0,0,1,3,13,146619
4490,0,0,1,3,12,139576
4828,0,0,1,3,13,148821
4813,0,0,1,3,13,148789
4811,0,0,1,3,13,148774
4419,0,0,1,3,12,139420
4817,0,0,1,3,13,148789
4817,0,0,1,3,13,148789
4311,0,0,1,3,12,137009
4567,0,0,1,3,12,141916
4469,0,0,1,3,12,139530
4555,0,0,1,3,12,141901
4520,0,0,1,3,12,141823
4380,0,0,1,3,12,137165
4415,0,0,1,3,12,139420
4521,0,0,1,3,12,141823
4413,0,0,1,3,12,139405
4315,0,0,1,3,12,137009
4875,0,0,1,3,13,148914
4761,0,0,1,3,13,146603
4323,0,0,1,3,12,137024
4905,0,0,1,3,13,149001
4716,0,0,1,3,13,146510
4616,0,0,1,3,13,144196
5200,0,0,1,3,13,151824
4774,0,0,1,3,13,146635
4437,0,0,1,3,12,139467
4546,0,0,1,3,12,141869
5481,0,0,1,3,14,157200
4928,0,0,1,3,13,151101
4972,0,0,1,3,13,151194
4561,0,0,1,3,12,141901
4516,0,0,1,3,12,141807
4971,0,0,1,3,13,151194
5218,0,0,1,3,13,154660
4906,0,0,1,3,13,151054
5008,0,0,0,3,21,196513
4516,0,0,0,3,19,182720
4210,0,0,0,3,18,173665
5259,0,0,0,3,22,199645
4849,0,0,1,3,13,148868
2685,0,0,1,3,10,100561
4893,0,0,0,3,20,192379
4216,0,0,0,3,18,173716
4532,0,0,0,3,19,182846
4510,0,0,0,3,19,182670
4531,0,0,0,3,19,182846
4424,0,0,0,3,19,179778
4869,0,0,1,3,13,148899
4225,0,0,0,3,18,173791
4376,0,0,0,3,19,177214
4535,0,0,0,3,19,182872
4248,0,0,0,3,18,173993
4322,0,0,0,3,18,176760
4867,0,0,0,3,20,192152
5291,0,0,0,3,22,200914
5291,0,0,0,3,22,200914
4520,0,0,0,3,19,182746
5697,0,0,1,3,14,217474
4378,0,0,0,3,19,177239
4952,0,0,0,3,21,195018
4303,0,0,0,3,18,174446
4748,0,0,0,3,20,188982
4755,0,0,0,3,20,189032
4501,0,0,0,3,19,180433
4828,0,0,0,3,20,191825
5670,0,0,0,3,23,208177
4567,0,0,0,3,19,183149
4380,0,0,0,3,19,177239
4554,0,0,0,3,19,183023
4372,0,0,0,3,19,177188
4848,0,0,0,3,20,192001
4508,0,0,0,3,19,182645
4370,0,0,0,3,19,177163
4868,0,0,0,3,20,192152
4290,0,0,0,3,18,174320
4893,0,0,0,3,20,192379
4364,0,0,0,3,19,177113
4916,0,0,0,3,20,194716
4979,0,0,0,3,21,195245
4303,0,0,0,3,18,174446
4476,0,0,0,3,19,180206
4412,0,0,0,3,19,179677
4521,0,0,0,3,19,182771
4738,0,0,0,3,20,188906
4523,0,0,0,3,19,182771
4539,0,0,0,3,19,182897
5632,0,0,0,3,23,207850
4358,0,0,0,3,19,177062
4555,0,0,0,3,19,183048
4847,0,0,0,3,20,191976
5748,0,0,0,3,23,276524
4490,0,0,0,3,19,180332
4379,0,0,0,3,19,177239
4288,0,0,0,3,18,174320
4379,0,0,0,3,19,177239
4915,0,0,0,3,20,194716
4498,0,0,0,3,19,180408
4777,0,0,0,3,20,189234
4326,0,0,0,3,18,176785
4909,0,0,0,3,20,194665
4533,0,0,0,3,19,182872
4516,0,0,0,3,19,182720
4636,0,0,0,3,19,185890
4716,0,0,0,3,20,188705
4590,0,0,0,3,19,183325
4413,0,0,0,3,19,179677
4884,0,0,0,3,20,192304
4314,0,0,0,3,18,176684
4905,0,0,0,3,20,192455
4314,0,0,0,3,18,176684
4435,0,0,0,3,19,179879
4253,0,0,0,3,18,174018
4358,0,0,0,3,19,177062
4397,0,0,0,3,19,177390
4894,0,0,0,3,20,192379
4503,0,0,0,3,19,180433
4986,0,0,0,3,21,195320
4208,0,0,0,3,18,173640
4561,0,0,0,3,19,183098
5255,0,0,0,3,22,200611
4530,0,0,0,3,19,182821
4437,0,0,0,3,19,179879
4971,0,0,0,3,21,195194
4399,0,0,0,3,19,177415
4602,0,0,0,3,19,183426
4542,0,0,0,3,19,182922
4884,0,0,0,3,20,192304
4466,0,0,0,3,19,180131
4292,0,0,0,3,18,174346
4523,0,0,0,3,19,182771
4415,0,0,0,3,19,179702
4403,0,0,0,3,19,177440
4773,0,0,0,3,20,189209
91,0,1,0,3,9,48151
4456,0,0,0,3,19,180055
4814,0,0,0,3,20,191699
4854,0,0,0,3,20,192026
91,0,0,1,3,9,37666
4811,0,0,0,3,20,191674
4531,0,0,0,3,19,182846
4775,0,0,0,3,20,189209
4546,0,0,0,3,19,182972
4981,0,0,0,3,21,195270
4774,0,0,0,3,20,189209
4315,0,0,0,3,18,176710
4490,0,0,0,3,19,180332
4444,0,0,0,3,19,179954
4804,0,0,0,3,20,189461
4567,0,0,0,3,19,183149
4616,0,0,0,3,19,185713
4297,0,0,0,3,18,174396
4664,0,0,0,3,20,186116
4446,0,0,0,3,19,179980
5163,0,0,0,3,21,198814
4590,0,0,0,3,19,183325
4812,0,0,0,3,20,191674
5241,0,0,0,3,21,200485
1208,0,0,0,3,8,84358
4419,0,0,0,3,19,179753
5200,0,0,0,3,21,199141
4765,0,0,0,3,20,189133
4715,0,0,0,3,20,188705
4543,0,0,0,3,19,182947
4417,0,0,0,3,19,179728
9136,0,1,0,3,26,241972
9136,0,1,0,3,26,241972
5481,0,0,0,3,22,204558
4364,0,0,0,3,19,177113
7124,0,0,0,3,28,236118
2010,0,0,0,3,11,187447
4847,0,0,0,3,20,191976
4423,0,0,0,3,19,179778
4881,0,0,0,3,20,192278
4311,0,0,0,3,18,176684
4102,0,1,0,3,14,57641
2705,0,0,0,3,13,130126
4323,0,0,0,3,18,176785
3182,0,1,0,3,12,126823
9509,0,1,0,3,27,232620
9509,0,0,1,3,20,189838
4351,0,0,0,3,19,177012
9509,0,0,0,3,38,267635
4565,0,0,0,3,19,183124
4372,0,0,0,3,19,177188
4726,0,0,0,3,20,188806
2688,0,0,0,3,13,121146
395,0,1,0,3,10,57334
395,0,0,0,3,10,66846
395,0,0,1,3,10,45073
10388,0,0,1,3,21,199531
10388,0,0,0,3,41,283144
10388,0,0,1,3,21,2162284
10388,0,1,0,3,29,245659
5206,0,1,0,3,18,174440
4743,0,1,0,3,16,165053
4743,0,0,0,3,20,182024
5206,0,0,0,3,21,191689
5206,0,1,0,3,18,174440
3875,0,1,0,3,13,143497
9073,0,1,0,3,26,242917
9073,0,0,0,3,34,271733
9073,0,0,1,3,20,203187
6274,0,0,1,3,13,146616
6274,0,0,0,3,25,200893
6274,0,1,0,3,18,174925
9073,0,1,0,3,24,219041
9073,0,0,0,3,34,252846
9073,0,0,1,3,17,179950
1152,0,0,0,3,8,82097
7246,0,0,1,3,16,151895
10062,0,0,1,3,22,148643
348,0,1,0,3,5,31246
351,0,1,0,3,5,31246
7465,0,0,1,3,15,172552
6206,0,0,1,3,13,157960
5863,0,1,0,3,17,171007
5745,0,1,0,3,22,180488
7246,0,0,1,3,16,151895
10062,0,0,1,3,22,148643
348,0,1,0,3,5,31246
1152,0,0,0,3,8,82097
7246,0,0,1,3,16,151895
10062,0,0,1,3,22,148643
348,0,1,0,3,5,31246
351,0,1,0,3,5,31246
7465,0,0,1,3,15,172552
6206,0,0,1,3,13,157960
5863,0,1,0,3,17,171007
5745,0,1,0,3,22,180488
7246,0,0,1,3,16,151895
10062,0,0,1,3,22,148643
348,0,1,0,3,5,31246
7119,0,0,1,3,16,183770
7119,0,0,1,3,16,183770
7119,0,0,1,3,16,183770
7119,0,1,0,1,24,187399
9935,0,1,0,1,31,219176
6643,0,1,0,3,24,193655
1264,0,1,0,3,7,153121
6503,0,1,0,3,23,192874
3515,0,1,0,3,14,192266
6643,0,1,0,3,24,193655
6553,0,1,0,3,19,180551
7494,0,1,0,3,21,259447
7494,0,1,0,3,21,259447
1130,0,1,0,3,8,54582
7633,0,1,0,3,27,218176
7119,0,1,0,1,24,187399
7119,0,1,0,3,21,217319
9935,0,1,0,3,28,255451
348,0,1,0,3,5,31246
7465,0,1,0,3,21,242687
6206,0,1,0,3,18,186702
5863,0,1,0,3,17,171007
5745,0,1,0,3,22,180488
7739,0,1,0,3,21,245184
7494,0,1,0,3,21,259447
6643,0,1,0,3,24,193655
6503,0,1,0,3,23,192874
9261,0,1,0,3,25,224569
1095,0,1,0,3,8,70820
7678,0,1,0,3,21,243896
6629,0,1,0,3,24,193579
6206,0,1,0,3,18,186702
6206,0,1,0,1,21,161885
6206,0,1,0,1,21,161885
6206,0,1,0,3,18,186702
7119,0,1,0,3,21,217319
9935,0,1,0,3,28,255451
6206,0,1,0,3,18,186702
5863,0,1,0,3,17,171007
5745,0,1,0,3,22,180488
6643,0,1,0,3,24,193655
6503,0,1,0,3,23,192874
9261,0,1,0,3,25,224569
1095,0,1,0,3,8,70820
6629,0,1,0,3,24,193579
7119,0,1,0,1,24,187399
348,0,1,0,4,5,26038
7494,0,1,0,4,21,231253
6643,0,1,0,2,24,168819
351,0,1,0,4,5,26038
351,0,1,0,4,5,26038
6503,0,1,0,2,23,168168
7465,0,1,0,4,21,203055
6206,0,1,0,1,21,161885
9261,0,1,0,2,25,187141
5863,0,1,0,2,17,143339
1095,0,1,0,2,8,59017
5863,0,1,0,3,17,171007
5745,0,1,0,3,22,180488
7678,0,1,0,4,21,204063
5745,0,1,0,2,22,151240
7739,0,1,0,4,21,219367
7471,0,1,0,4,21,203097
4099,0,1,0,2,14,99243
3528,0,1,0,3,17,140654
6629,0,1,0,2,24,168756
2724,0,1,0,3,15,120220
546,0,1,0,3,10,61838
9261,0,1,0,3,25,224569
1095,0,1,0,3,8,70820
6629,0,1,0,3,24,193579
9935,0,1,0,1,31,186542
9935,0,1,0,1,31,219176
